{"cameraMode":{"drawMode":0,"name":"Shaded","section":"Shading Mode"},"sceneLighting":false,"audioPlay":false,"sceneViewState":{"m_AlwaysRefresh":true,"showFog":true,"showSkybox":false,"showFlares":true,"showImageEffects":true,"showParticleSystems":true,"showVisualEffectGraphs":true,"m_FxEnabled":true},"in2DMode":false,"pivot":{"x":18.508373260498048,"y":1.5328385829925538,"z":9.460150718688965},"rotation":{"x":0.10041238367557526,"y":0.8618298768997192,"z":-0.18802930414676667,"w":0.4602278172969818},"size":14.732270240783692,"orthographic":false}